Influencer ID,Category,Tiktok Category,Related Influencer ID,Follower Count, Average View Count
3d_heroes,Art,Art|Technology,valeriiafranklin,17747,25751
ama.beee,Art,Tutorials|Art|Vlog,slightlyghosts,133529,34027
ama.beee,Art,Tutorials|Art|Vlog,sailormoonie_,107563,13181
ama.beee,Art,Tutorials|Art|Vlog,rishi.draws,172620,87810
ama.beee,Art,Tutorials|Art|Vlog,artistkatiesmall,264181,148542
ama.beee,Art,Tutorials|Art|Vlog,the.flightless.artist,137718,40916
ama.beee,Art,Tutorials|Art|Vlog,mimielitasalt,150990,4122
ama.beee,Art,Tutorials|Art|Vlog,memory_chase,456330,4065
ama.beee,Art,Tutorials|Art|Vlog,pro...createeee,114049,19027
ama.beee,Art,Tutorials|Art|Vlog,ejr.art,197521,117387
artbynikkigee,Art,Art,erinkatearcher,27742,19032
artbynikkigee,Art,Art,artistkatiesmall,264181,148542
artbynikkigee,Art,Art,nikkieviore,156088,7534
artbynikkigee,Art,Art,art_by_josey,185863,2901
artbynikkigee,Art,Art,theartge,448931,2109
artbynikkigee,Art,Art,jr_creates,161076,3392
artbynikkigee,Art,Art,douby_seide,153262,9182
artbynikkigee,Art,Art,serendipitytheartist,357434,116939
artbynikkigee,Art,Art,delicatedotsandrea,376370,75520
avanoellemosley,Art,Interviews|Art,jenniferclark0271,169249,1310
avanoellemosley,Art,Interviews|Art,the.flightless.artist,137718,40916
avanoellemosley,Art,Interviews|Art,artobsessedmoron,143634,5142
avanoellemosley,Art,Interviews|Art,clever_kitten,151231,7552
avanoellemosley,Art,Interviews|Art,bigbumbobo,520356,36478
avanoellemosley,Art,Interviews|Art,djaxn,101717,22132
avanoellemosley,Art,Interviews|Art,_procreate..bby,106232,17167
avanoellemosley,Art,Interviews|Art,littlemountainmelody,193609,16288
avanoellemosley,Art,Interviews|Art,leamotion,1797,1840
blakeobk,Art,Education|Art|Animation_Cartoon,kianasj,122059,2587
blakeobk,Art,Education|Art|Animation_Cartoon,2d_rice,112376,2750
blakeobk,Art,Education|Art|Animation_Cartoon,erinkatearcher,27742,19032
blakeobk,Art,Education|Art|Animation_Cartoon,surmalouis,117178,11201
blakeobk,Art,Education|Art|Animation_Cartoon,taytays.art,164122,340569
blakeobk,Art,Education|Art|Animation_Cartoon,homeart6,144188,17881
blakeobk,Art,Education|Art|Animation_Cartoon,jordynkinsley,105881,82701
blakeobk,Art,Education|Art|Animation_Cartoon,firefistmaxx23,135807,12041
blakeobk,Art,Education|Art|Animation_Cartoon,madisonisartsy_,187154,341657
bluecrush27,Art,Art|DIY_Life_Hacks|Outfit,marvinmarioo,176165,49708
bluecrush27,Art,Art|DIY_Life_Hacks|Outfit,krismile_wig,322366,14866
bluecrush27,Art,Art|DIY_Life_Hacks|Outfit,michaila.c,202873,46659
bluecrush27,Art,Art|DIY_Life_Hacks|Outfit,kasiarose.makeup,33054,1951
bluecrush27,Art,Art|DIY_Life_Hacks|Outfit,princessjewelsllc,154765,5381
bluecrush27,Art,Art|DIY_Life_Hacks|Outfit,girl.you.fancy,113584,1580
bluecrush27,Art,Art|DIY_Life_Hacks|Outfit,sugarhaddy,181641,23949
bluecrush27,Art,Art|DIY_Life_Hacks|Outfit,brainlessartist,294150,7243
bluecrush27,Art,Art|DIY_Life_Hacks|Outfit,marcelapazminoofficial,241350,16275
brainwavebtch,Art,Technology|Art,colinwasson,282636,72700
brainwavebtch,Art,Technology|Art,ibreakdaily,1454828,117030
brainwavebtch,Art,Technology|Art,gamingpchome,935571,17948
brainwavebtch,Art,Technology|Art,davidzindustries,225844,79972
brainwavebtch,Art,Technology|Art,lavags_,27540,4057
brainwavebtch,Art,Technology|Art,3d_heroes,77654,29721
brainwavebtch,Art,Technology|Art,vadimshev,873496,434097
brainwavebtch,Art,Technology|Art,markstech,414073,77761
brainwavebtch,Art,Technology|Art,milesabovetech,262664,99842
chayeimodel,Art,Makeup|Art,dustiejacobs,152016,1243
chayeimodel,Art,Makeup|Art,lizciccone,180572,1180
chayeimodel,Art,Makeup|Art,meghanbethh,96808,7546
chayeimodel,Art,Makeup|Art,misspoppylocks,451162,3753
chayeimodel,Art,Makeup|Art,abbywrenartistry,170169,16606
chayeimodel,Art,Makeup|Art,gbanjo,140268,1542
chayeimodel,Art,Makeup|Art,shamrockbeauty,401396,4091
chayeimodel,Art,Makeup|Art,yazicole,739887,51153
chayeimodel,Art,Makeup|Art,_zzay_,14271,540
craftymoms,Art,Family_Parenting|Vlog|Art,vanesamaro91,4270842,785817
craftymoms,Art,Family_Parenting|Vlog|Art,louflores_,2023301,4392440
craftymoms,Art,Family_Parenting|Vlog|Art,gaitlyn.rae,7799668,286897
craftymoms,Art,Family_Parenting|Vlog|Art,spicekingcam,15593268,4015557
craftymoms,Art,Family_Parenting|Vlog|Art,overtime,17593435,466014
craftymoms,Art,Family_Parenting|Vlog|Art,brenttelevision,5014732,1185240
craftymoms,Art,Family_Parenting|Vlog|Art,pythoncoun,5531096,2456664
craftymoms,Art,Family_Parenting|Vlog|Art,officialtiktokscience,4360899,1773990
craftymoms,Art,Family_Parenting|Vlog|Art,angryreactions,23009248,5828205
damian.dittmer,Art,Pop Culture|Art,brandedfox,101472,1477
damian.dittmer,Art,Pop Culture|Art,shizue_calligraphy,217427,16903
damian.dittmer,Art,Pop Culture|Art,artbynikkigee,228916,20138
damian.dittmer,Art,Pop Culture|Art,awe.vocado,220574,9152
damian.dittmer,Art,Pop Culture|Art,sf224567,457942,250016
damian.dittmer,Art,Pop Culture|Art,theartge,448931,2109
damian.dittmer,Art,Pop Culture|Art,douby_seide,153262,9182
damian.dittmer,Art,Pop Culture|Art,celebritoonz,377288,13532
damian.dittmer,Art,Pop Culture|Art,remicreations,404908,148912
emmy_ga,Art,Art,sailormoonie_,107563,13181
emmy_ga,Art,Art,brandonjohnsontaxidermy,175547,56338
emmy_ga,Art,Art,evieeddie3,75742,6369
emmy_ga,Art,Art,madexlala,295088,404405
emmy_ga,Art,Art,taytays.art,164122,340569
emmy_ga,Art,Art,artbydvo,248395,14101
emmy_ga,Art,Art,firefistmaxx23,135807,12041
emmy_ga,Art,Art,samanthajaner8,141580,46926
emmy_ga,Art,Art,ejr.art,197521,117387
fidget_.daqueen,Art,Art,god.of.pigeons,101554,44173
fidget_.daqueen,Art,Art,s_i_m_p_g_o_d,148377,143078
fidget_.daqueen,Art,Art,charlieintheory,208496,3606
fidget_.daqueen,Art,Art,masontancanstealyourman,357101,122239
fidget_.daqueen,Art,Art,anna.mayz,223811,5570
fidget_.daqueen,Art,Art,chicagocuddletherapy,184509,5470
fidget_.daqueen,Art,Art,gildedshimmersoaps,178189,100048
fidget_.daqueen,Art,Art,thriftersifter,287186,220739
fidget_.daqueen,Art,Art,baciamilips,551618,186167
gagekrew,Art,Art,erinkatearcher,27742,19032
gagekrew,Art,Art,artbynikkigee,228916,20138
gagekrew,Art,Art,dianamayrice,149979,9493
gagekrew,Art,Art,madexlala,295088,404405
gagekrew,Art,Art,serendipitytheartist,357434,116939
gagekrew,Art,Art,scottas14,314884,142550
gagekrew,Art,Art,jacobcreates.965,235807,7594
gagekrew,Art,Art,rachelkuperman,527180,368275
gagekrew,Art,Art,toomanyjasmins,246743,19015
haley.likes.drawing,Art,Art,a_lazybee,1064713,852407
haley.likes.drawing,Art,Art,clayartisanjay1,4074441,2042437
haley.likes.drawing,Art,Art,iamshaneburke,1577272,56819
haley.likes.drawing,Art,Art,xiaolindrawings,3630819,490172
haley.likes.drawing,Art,Art,coctyan,3447127,154555
haley.likes.drawing,Art,Art,pattycshow,910667,1286395
haley.likes.drawing,Art,Art,justinbehm,911118,888353
haley.likes.drawing,Art,Art,conortravers95,848988,958019
haley.likes.drawing,Art,Art,myart1979,2037957,119868
jaealise,Art,Makeup|Art,xjanizax,269276,2065
jaealise,Art,Makeup|Art,aspiringgrandfather,249848,684
jeff_sorensen_glass,Art,Art|Vlog|Professional Life,makeup.by.dre,127874,692
jeff_sorensen_glass,Art,Art|Vlog|Professional Life,justcleanit,231552,101276
jeff_sorensen_glass,Art,Art|Vlog|Professional Life,thevictoriamisu,115859,14917
jeff_sorensen_glass,Art,Art|Vlog|Professional Life,coolsandwichgirl,172766,117165
jeff_sorensen_glass,Art,Art|Vlog|Professional Life,user426127863,105759,6273
jeff_sorensen_glass,Art,Art|Vlog|Professional Life,say.satisfying,217606,35667
jeff_sorensen_glass,Art,Art|Vlog|Professional Life,amazingnail,252828,5900
jeff_sorensen_glass,Art,Art|Vlog|Professional Life,monarchcreationshop,128213,16727
jeff_sorensen_glass,Art,Art|Vlog|Professional Life,geckogorl24,205070,1362
jeffcopelandart,Art,Art|Outfit,hobbymakan.id,1201012,598065
jeffcopelandart,Art,Art|Outfit,william_cs_,2610996,18893
jeffcopelandart,Art,Art|Outfit,bayuuprasetyo,734190,825036
jeffcopelandart,Art,Art|Outfit,rivantelminthes,286995,1971901
jeffcopelandart,Art,Art|Outfit,ireneswnd,1868544,715629
jeffcopelandart,Art,Art|Outfit,anitarassya09,118550,16235
jeffcopelandart,Art,Art|Outfit,masterchrisleongtittarr,1087647,299859
jeffcopelandart,Art,Art|Outfit,rullyaustin,809825,401927
jeffcopelandart,Art,Art|Outfit,rizky_aul,2221076,238812
kadeanselart,Art,Art|Vlog,gabbyfrosty,6314,2947
kadeanselart,Art,Art|Vlog,tobiesunshine,152078,14757
kadeanselart,Art,Art|Vlog,craftykyleelaza,134124,3637
kadeanselart,Art,Art|Vlog,tofunug,126694,151699
kadeanselart,Art,Art|Vlog,tylynnmackenzie,12485,262
kadeanselart,Art,Art|Vlog,keanupagano,116682,3748
kadeanselart,Art,Art|Vlog,fantasyfawn,219615,59827
kadeanselart,Art,Art|Vlog,moniqueaimee,64307,18146
kadeanselart,Art,Art|Vlog,the_madhadder,166664,4933
kyralove14,Art,Vlog|Art,annapetryy,143575,49584
kyralove14,Art,Vlog|Art,.sarah.kathryn,151054,5666
kyralove14,Art,Vlog|Art,andyy.vibes,73576,1040
kyralove14,Art,Vlog|Art,tai_tai_talks,147887,3597
kyralove14,Art,Vlog|Art,dino510,155442,79685
kyralove14,Art,Vlog|Art,lifetips02,160014,33272
kyralove14,Art,Vlog|Art,2.22am..._,104607,286676
kyralove14,Art,Vlog|Art,spicyyeeg,188758,54977
kyralove14,Art,Vlog|Art,lynhatessneezes,105791,53332
littlefeltedfriends,Art,DIY_Life_Hacks|Art|Pets,willandwesson,363566,14201
littlefeltedfriends,Art,DIY_Life_Hacks|Art|Pets,the.chemists.daughter,97421,3097
littlefeltedfriends,Art,DIY_Life_Hacks|Art|Pets,thejesscrow,39638,50687
littlefeltedfriends,Art,DIY_Life_Hacks|Art|Pets,itsbyliv,196247,5847
littlefeltedfriends,Art,DIY_Life_Hacks|Art|Pets,daisymaedoodle,130588,24376
littlefeltedfriends,Art,DIY_Life_Hacks|Art|Pets,tai_tai_talks,147887,3597
littlefeltedfriends,Art,DIY_Life_Hacks|Art|Pets,lovealoner,313778,16359
littlefeltedfriends,Art,DIY_Life_Hacks|Art|Pets,barkycatbros,165952,701
littlefeltedfriends,Art,DIY_Life_Hacks|Art|Pets,pressbeworkshop,151861,2237
magpiejay,Art,Art,juliakimikodesign,165997,11565
magpiejay,Art,Art,.tylerfunk,193380,16552
magpiejay,Art,Art,ulovecaleb,167113,5554
magpiejay,Art,Art,sandycheekless,203605,7071
magpiejay,Art,Art,cocoliciousss,149119,6736
magpiejay,Art,Art,mcflurrr,380979,19975
magpiejay,Art,Art,corinagnz_,51786,63257
magpiejay,Art,Art,sreyahalder_,399915,134428
magpiejay,Art,Art,valeriiafranklin,17747,25751
makeshift_chronicles,Art,Tutorials|Art,pernillastryker,334696,20360
makeshift_chronicles,Art,Tutorials|Art,quakeroakess,129108,1640
makeshift_chronicles,Art,Tutorials|Art,clearstarstudios,112183,1749
makeshift_chronicles,Art,Tutorials|Art,chirppie,114919,924
makeshift_chronicles,Art,Tutorials|Art,artsyfartsysamm,140428,6917
makeshift_chronicles,Art,Tutorials|Art,glogallery,118516,8416
makeshift_chronicles,Art,Tutorials|Art,madisonisartsy_,187154,341657
makeshift_chronicles,Art,Tutorials|Art,jobsxdesign,44023,2457
makeshift_chronicles,Art,Tutorials|Art,danvillefamilyvet,212923,25863
misssie,Art,Art,kuitsuku,199360,48288
misssie,Art,Art,baesdart,558310,9603
misssie,Art,Art,drawingislife88,277311,342318
misssie,Art,Art,taiyoutori,267435,185845
misssie,Art,Art,_good_vibes_art_,506840,188709
misssie,Art,Art,fumukiart,239753,9197
misssie,Art,Art,wah.ah.ah,365750,172775
misssie,Art,Art,ekg.arts,180351,438395
misssie,Art,Art,kidg0han,319697,279640
mysweetadeline,Art,Other Performance|Makeup|Art,badmoodrude,279309,144247
mysweetadeline,Art,Other Performance|Makeup|Art,ajnugent_,658009,6047
mysweetadeline,Art,Other Performance|Makeup|Art,testyourintuition,238159,31852
mysweetadeline,Art,Other Performance|Makeup|Art,gigi.kimmie,447595,31041
mysweetadeline,Art,Other Performance|Makeup|Art,nikaleverett,348402,4972
mysweetadeline,Art,Other Performance|Makeup|Art,ally_cruz,1627044,106729
mysweetadeline,Art,Other Performance|Makeup|Art,magic_everyday_,1149266,31309
mysweetadeline,Art,Other Performance|Makeup|Art,worldofglass,2331990,14069
mysweetadeline,Art,Other Performance|Makeup|Art,littlehalloqueen,312672,10720
pandoramonrose,Art,Dance|Art,detailsandswirls,611457,11200
pandoramonrose,Art,Dance|Art,angelicaramosss,192252,10673
pandoramonrose,Art,Dance|Art,jaealise,200632,11411
pandoramonrose,Art,Dance|Art,_erikka.k_,137418,2291
pandoramonrose,Art,Dance|Art,e.boyli.eric,259756,13608
pandoramonrose,Art,Dance|Art,haleyrosefergiee,319740,14880
pandoramonrose,Art,Dance|Art,nicholasholmanart,239190,13229
pandoramonrose,Art,Dance|Art,theaphroditevenuss,738801,26466
pandoramonrose,Art,Dance|Art,dandydemon,155077,101177
rachelkuperman,Art,Pop Culture|Art|Pets,lulubs_draw,150824,2376
rachelkuperman,Art,Pop Culture|Art|Pets,mmuzzy,156901,52869
rachelkuperman,Art,Pop Culture|Art|Pets,shnozzy_,101609,3071
rachelkuperman,Art,Pop Culture|Art|Pets,samantha_sketch,542179,139345
rachelkuperman,Art,Pop Culture|Art|Pets,clever_kitten,151231,7552
rachelkuperman,Art,Pop Culture|Art|Pets,noplayerlies,295888,17637
rachelkuperman,Art,Pop Culture|Art|Pets,dianamayrice,149979,9493
rachelkuperman,Art,Pop Culture|Art|Pets,madexlala,295088,404405
rachelkuperman,Art,Pop Culture|Art|Pets,toomanyjasmins,246743,19015
rebelrebel911,Art,Art|Vlog,keanupagano,116682,3748
rebelrebel911,Art,Art|Vlog,conniecantu,72646,14486
rebelrebel911,Art,Art|Vlog,whatdojumean,192273,2011
rebelrebel911,Art,Art|Vlog,itsjustjulia,206475,37024
rebelrebel911,Art,Art|Vlog,imchasecopeland,357977,79300
rebelrebel911,Art,Art|Vlog,bokutos_babyraven,136738,12767
rebelrebel911,Art,Art|Vlog,maggietbh,239297,17894
rebelrebel911,Art,Art|Vlog,matchamanz,477446,110693
rebelrebel911,Art,Art|Vlog,jeremiah.taylorr,221783,1292
savannalore,Art,Vlog|Education|Art,sailormoonie_,107563,13181
savannalore,Art,Vlog|Education|Art,rachelfayecarter,482241,17223
savannalore,Art,Vlog|Education|Art,superpotlady,196148,5202
savannalore,Art,Vlog|Education|Art,artistjessicasixsmith,158183,17293
savannalore,Art,Vlog|Education|Art,fauxshmoe,553169,626063
savannalore,Art,Vlog|Education|Art,brandonjohnsontaxidermy,175547,56338
savannalore,Art,Vlog|Education|Art,shizue_calligraphy,217427,16903
savannalore,Art,Vlog|Education|Art,theartge,448931,2109
savannalore,Art,Vlog|Education|Art,abdel.art,424669,109198
shreddedmilitary,Art,Transition|Art,itsthescotts,4525194,2014745
shreddedmilitary,Art,Transition|Art,officialkjb,1052688,249257
shreddedmilitary,Art,Transition|Art,fluellenfam,2188941,2727454
shreddedmilitary,Art,Transition|Art,sarbeeston,2975959,2429160
shreddedmilitary,Art,Transition|Art,mr_mrs_wash,4200523,307392
shreddedmilitary,Art,Transition|Art,lowcarbstateofmind,5330118,3429261
shreddedmilitary,Art,Transition|Art,theyeeetbaby,4528784,3841208
shreddedmilitary,Art,Transition|Art,pam_a_cake,2105593,2728271
shreddedmilitary,Art,Transition|Art,jeremy_littel,3316007,109876
shreksdumpster,Art,Comedy|Art|Shoes,noeneubanks,10726182,2113687
shreksdumpster,Art,Comedy|Art|Shoes,saraecheagaray,6096513,1866327
shreksdumpster,Art,Comedy|Art|Shoes,thedawndishsoap,2127481,310542
shreksdumpster,Art,Comedy|Art|Shoes,therealtati,5086002,697298
shreksdumpster,Art,Comedy|Art|Shoes,avivasofia,3860563,1028650
shreksdumpster,Art,Comedy|Art|Shoes,maxdressler,4313070,416178
shreksdumpster,Art,Comedy|Art|Shoes,brittany_broski,6272617,1162165
shreksdumpster,Art,Comedy|Art|Shoes,cristiandennis,7325129,501193
shreksdumpster,Art,Comedy|Art|Shoes,soupytime,4669581,2259609
smiztok,Art,Art|Animation_Cartoon,korean.kornfarmer,163545,12096
smiztok,Art,Art|Animation_Cartoon,rickyrick.phd,233875,113661
smiztok,Art,Art|Animation_Cartoon,digitaldarlenne,176477,33002
smiztok,Art,Art|Animation_Cartoon,jenningsmotorsports,203903,3797
smiztok,Art,Art|Animation_Cartoon,thedaxflame,214334,205472
smiztok,Art,Art|Animation_Cartoon,ronni_star,136885,50388
smiztok,Art,Art|Animation_Cartoon,emojimaker003,238619,56378
smiztok,Art,Art|Animation_Cartoon,barebumessentials,290283,14256
smiztok,Art,Art|Animation_Cartoon,usmcdanielgreay,474907,18912
soyluzzo,Art,Art,greywolf.blackfox,124012,1167
soyluzzo,Art,Art,daisymaedoodle,130588,24376
soyluzzo,Art,Art,jammincammy,195067,8317
soyluzzo,Art,Art,svageleo,111197,6963
soyluzzo,Art,Art,jeremiah.taylorr,221783,1292
soyluzzo,Art,Art,sooraj_jkd,1708959,423614
soyluzzo,Art,Art,wiener420,131069,6256
soyluzzo,Art,Art,clubbethguin,208659,990
soyluzzo,Art,Art,apple_shalini_zoyazinta,397404,18444
stickyartchan,Art,Dance|Art,delorcakery,10501,322
stickyartchan,Art,Dance|Art,creative_handz,120778,22270
stickyartchan,Art,Dance|Art,fluffmanjams,277344,2924
stickyartchan,Art,Dance|Art,claybycole,163039,9121
stickyartchan,Art,Dance|Art,makeupguy,145249,1058
stickyartchan,Art,Dance|Art,ocvintagecharm,56984,12915
stickyartchan,Art,Dance|Art,marjan_diaries,81428,35346
stickyartchan,Art,Dance|Art,ibedrawingstuff,138401,36134
stickyartchan,Art,Dance|Art,mk_fercho,72835,4465
sugar.columbia,Art,Food Art_Discovery|Art,shellscookiecreations,145511,68226
sugar.columbia,Art,Food Art_Discovery|Art,reinediy,172927,204524
sugar.columbia,Art,Food Art_Discovery|Art,sooziethefoodie,124352,2308
sugar.columbia,Art,Food Art_Discovery|Art,mr.eats305,61986,2718
sugar.columbia,Art,Food Art_Discovery|Art,cookingwithjustin,99939,3511
sugar.columbia,Art,Food Art_Discovery|Art,cakequeentanya,139848,2840
sugar.columbia,Art,Food Art_Discovery|Art,crazees_icecream,168072,28549
sugar.columbia,Art,Food Art_Discovery|Art,fruit_love_milk,494292,11178
sugar.columbia,Art,Food Art_Discovery|Art,miami_foodporn,196254,4692
tattooobabyyy,Art,Art,ijustwannabeapenguin,307775,159001
tattooobabyyy,Art,Art,klamour_makeup,934828,11959
tattooobabyyy,Art,Art,kays.cafe,113787,13013
tattooobabyyy,Art,Art,caffeinencactuses,289803,16998
tattooobabyyy,Art,Art,southerncharmvibes2019,204862,3457
tattooobabyyy,Art,Art,bailykae,189946,2267
tattooobabyyy,Art,Art,lilscribs,208457,216260
tattooobabyyy,Art,Art,gageboardman,133351,75831
tattooobabyyy,Art,Art,nycdom,204188,5239
theendoftheinternet,Art,Hair|Art,heymaryjean,101779,5882
theendoftheinternet,Art,Hair|Art,stephies_art,170949,80606
theendoftheinternet,Art,Hair|Art,rkcartistry,32904,1297
theendoftheinternet,Art,Hair|Art,krismile_wig,322366,14866
theendoftheinternet,Art,Hair|Art,nun.precious,198802,229287
theendoftheinternet,Art,Hair|Art,muagiss,214518,99400
theendoftheinternet,Art,Hair|Art,jaanethmorra,152544,10458
theendoftheinternet,Art,Hair|Art,_mariaa.elenaa_,121996,3337
theendoftheinternet,Art,Hair|Art,number_one_dad,169407,19670
tiannalasagna,Art,Art,mrsaintvon,546743,149407
tiannalasagna,Art,Art,valerieespino.arts,920223,62481
tiannalasagna,Art,Art,tatepham,500189,53819
tiannalasagna,Art,Art,hollyfae_art,572351,12345
tiannalasagna,Art,Art,_good_vibes_art_,506840,188709
tiannalasagna,Art,Art,cgpl_art,549894,69865
tiannalasagna,Art,Art,jlauserart,1276328,119824
tiannalasagna,Art,Art,potatoblu,238331,310496
tiannalasagna,Art,Art,heyshedraws,390829,54944
trav_carves,Art,Art|Vlog,humphreytalks,2284911,385242
trav_carves,Art,Art|Vlog,thedawndishsoap,2127481,310542
trav_carves,Art,Art|Vlog,carterjcollins,1097424,42833
trav_carves,Art,Art|Vlog,microsyko,445104,341878
trav_carves,Art,Art|Vlog,king.nubs,420833,10581
trav_carves,Art,Art|Vlog,michellefinancialcoach,446373,11627
trav_carves,Art,Art|Vlog,potterybydanielle,143586,24794
trav_carves,Art,Art|Vlog,abram_draws,362930,18884
trav_carves,Art,Art|Vlog,ronilangley,2443261,59897
will.snell.683,Art,Art,oliviaoomenart,106241,9699
will.snell.683,Art,Art,kianasj,122059,2587
will.snell.683,Art,Art,savannalore,238001,39563
will.snell.683,Art,Art,emmy_ga,199967,164307
will.snell.683,Art,Art,brandonjohnsontaxidermy,175547,56338
will.snell.683,Art,Art,artobsessedmoron,143634,5142
will.snell.683,Art,Art,thiswritingdesk,53873,5011
will.snell.683,Art,Art,jr_creates,161076,3392
will.snell.683,Art,Art,dungeonmastersdiary,127901,4262
